INSERT INTO `users` (`id`, `name`, `email`, `email_verified_at`, `password`, `remember_token`, `created_at`, `updated_at`) VALUES
	(1, 'Miguel', 'hp15004@ues.edu.sv', '2020-11-01 13:26:00', '$2y$10$H1o.cz8nRkaIING/3E0aAujtuxSFjPcADuxrFjrfW4eIylf88aFam', NULL, '2020-11-01 19:25:59', '2020-11-01 19:25:59'),
	(2, 'Juan', 'oo15004@ues.edu.sv', '2020-11-01 13:26:00', '$2y$10$BDQ115m2fFtOqC2bRsoWqORW0vSYRBXR0UM.OzBdw9HLYs7YKpkD.', NULL, '2020-11-01 19:26:00', '2020-11-01 19:26:00'),
	(3, 'Eduardo', 'pr14008@ues.edu.sv', '2020-11-01 13:26:01', '$2y$10$0lxc6t9NBAHlQwzP9wOeh.WFeHAafN1FkCfhOmTR3FUq.oJ35peiy', NULL, '2020-11-01 19:26:01', '2020-11-01 19:26:01'),
	(4, 'Gerardo', 'fn15002@ues.edu.sv', '2020-11-01 13:26:01', '$2y$10$knmfUn8l/D0/5yTP4BVSMuGM2FaIZQEG58FWJ9PV.zBOj0LMt.6y6', NULL, '2020-11-01 19:26:01', '2020-11-01 19:26:01'),
	(5, 'Daniel', 'cv15018@ues.edu.sv', '2020-11-01 13:26:01', '$2y$10$AfkxeuqEXq68Zst4Y1DuDeBAxgE3cLkbd.M/c3DfzJ7zW6g6YxJh2', NULL, '2020-11-01 19:26:01', '2020-11-01 19:26:01'),
	(15, 'administrador', 'administrador@mail.com', '2020-11-16 03:59:08', '$2y$10$JMAmuYgxg3wUyakktNrnsuxHUGadOqqL14edb7IQymU6ZE7aHdVIO', NULL, '2020-11-16 09:59:08', '2020-11-16 09:59:08');

INSERT INTO `opcionformulario` (`id_opcion`, `descripcion_opcion`, `numero_formulario`) VALUES
	('000', 'Acceso Administrador', 0),
	('010', 'Balance general Configurar', 1),
	('011', 'Estado Resultado Configurar', 2),
	('012', 'Ratio Detalle Configurar', 3),
	('013', 'Sector', 4),
	('014', 'Ratio Mensaje', 5),
	('015', 'Ratio Comparativo', 6),
	('016', 'Ratio Grupo', 7),
	('017', 'Ratio', 8),
	('018', 'Estados Financieros', 9),
	('019', 'Empresa', 10),
	('020', 'Balance General Agregar', 11),
	('021', 'Estado Resultado Agregar', 12),
	('022', 'Empresa Detalle', 13),
	('023', 'Analisis Horizontal y Vertical', 14),
	('024', 'Herramienta de OCR', 15),
	('030', 'Ratio Empresa', 16),
	('031', 'Ratio Sector', 17);

INSERT INTO `sector` (`id_sector`, `nombre`, `descripcion`) VALUES
	(1, 'Servicios', ''),
	(2, 'Aseguradora', '');

INSERT INTO `ratiogrupo` (`id_ratio_grupo`, `nombre`, `catalogo`, `descripcion`) VALUES
	(1, 'Liquidez', '["Activo Corriente","  Pasivo Corriente","  Inventario","  Activos Totales","  Efectivo","  Valor a Corto Plazo"]', NULL),
	(2, 'Actividad', '["Costo de las ventas", "Inventario", "Ventas netas", "Cuentas por cobrar", "Cuentas por pagar", "Activo total", "Activo Fijo", "Utilidad bruta"," Utilidad operativa"]', ''),
	(3, 'Apalancamiento', '["Pasivo total","Activo total","Patrimonio","Utilidades antes de intereses e impuestos","Gastos financieros"]', ''),
	(4, 'Rentabilidad', '["Utilidad Neta", "Patrimonio", " Numero de acciones", "Activo total", "Ventas o Ventas netas", "Ingresos", "Inversión"]', '');

INSERT INTO `empresa` (`id_empresa`, `id_sector`, `nombre`, `descripcion`) VALUES
	(1, 1, 'DISTRIBUIDORA DE ELECTRICIDAD DEL SUR, S.A. DE C.V', 'Empresa de electricidad'),
	(5, 2, 'ASEGURADORA SUIZA SALVADORENIA, S.A. FILIAL', 'Empresa que se dedica al servicio de venta de seguros.'),
	(6, 1, 'BANCO CUSCATLAN DE EL SALVADOR, S.A.', 'Banco');

INSERT INTO `accesousuario` (`id_usuario`, `id_opcion`, `id_empresa`) VALUES
	(1, '000', 1),
	(2, '000', 1),
	(3, '000', 1),
	(4, '000', 1),
	(5, '000', 1),
	(15, '020', 1),
	(15, '019', 1),
	(15, '022', 1),
	(15, '021', 1),
	(15, '011', 1),
	(15, '018', 1),
	(15, '017', 1),
	(15, '012', 1),
	(15, '015', 1),
	(15, '030', 1),
	(15, '016', 1),
	(15, '014', 1),
	(15, '031', 1),
	(15, '013', 1),
	(15, '010', 1),
	(15, '024', 1),
	(15, '024', 1),
	(1, '010', 1),
	(1, '011', 1),
	(1, '012', 1),
	(1, '013', 1),
	(1, '014', 1),
	(1, '015', 1),
	(1, '016', 1),
	(1, '017', 1),
	(1, '018', 1),
	(1, '019', 1),
	(1, '020', 1),
	(1, '021', 1),
	(1, '022', 1),
	(1, '023', 1),
	(1, '024', 1),
	(1, '030', 1),
	(1, '031', 1),
	(2, '010', 1),
	(2, '011', 1),
	(2, '012', 1),
	(2, '013', 1),
	(2, '014', 1),
	(2, '015', 1),
	(2, '016', 1),
	(2, '017', 1),
	(2, '018', 1),
	(2, '019', 1),
	(2, '020', 1),
	(2, '021', 1),
	(2, '022', 1),
	(2, '023', 1),
	(2, '024', 1),
	(2, '030', 1),
	(2, '031', 1),
	(3, '010', 1),
	(3, '011', 1),
	(3, '012', 1),
	(3, '013', 1),
	(3, '014', 1),
	(3, '015', 1),
	(3, '016', 1),
	(3, '017', 1),
	(3, '018', 1),
	(3, '019', 1),
	(3, '020', 1),
	(3, '021', 1),
	(3, '022', 1),
	(3, '023', 1),
	(3, '024', 1),
	(3, '030', 1),
	(3, '031', 1),
	(4, '010', 1),
	(4, '011', 1),
	(4, '012', 1),
	(4, '013', 1),
	(4, '014', 1),
	(4, '015', 1),
	(4, '016', 1),
	(4, '017', 1),
	(4, '018', 1),
	(4, '019', 1),
	(4, '020', 1),
	(4, '021', 1),
	(4, '022', 1),
	(4, '023', 1),
	(4, '024', 1),
	(4, '030', 1),
	(4, '031', 1),
	(5, '010', 1),
	(5, '011', 1),
	(5, '012', 1),
	(5, '013', 1),
	(5, '014', 1),
	(5, '015', 1),
	(5, '016', 1),
	(5, '017', 1),
	(5, '018', 1),
	(5, '019', 1),
	(5, '020', 1),
	(5, '021', 1),
	(5, '022', 1),
	(5, '023', 1),
	(5, '024', 1),
	(5, '030', 1),
	(5, '031', 1),
	(3, '010', '5'),
	(3, '011', '5'),
	(3, '012', '5'),
	(3, '013', '5'),
	(3, '014', '5'),
	(3, '015', '5'),
	(3, '016', '5'),
	(3, '017', '5'),
	(3, '018', '5'),
	(3, '019', '5'),
	(3, '020', '5'),
	(3, '021', '5'),
	(3, '022', '5'),
	(3, '023', '5'),
	(3, '024', '5'),
	(3, '030', '5'),
	(3, '031', '5'),
	(4, '010', '5'),
	(4, '011', '5'),
	(4, '012', '5'),
	(4, '013', '5'),
	(4, '014', '5'),
	(4, '015', '5'),
	(4, '016', '5'),
	(4, '017', '5'),
	(4, '018', '5'),
	(4, '019', '5'),
	(4, '020', '5'),
	(4, '021', '5'),
	(4, '022', '5'),
	(4, '023', '5'),
	(4, '024', '5'),
	(4, '030', '5'),
	(4, '031', '5'),
	(5, '010', '5'),
	(5, '011', '5'),
	(5, '012', '5'),
	(5, '013', '5'),
	(5, '014', '5'),
	(5, '015', '5'),
	(5, '016', '5'),
	(5, '017', '5'),
	(5, '018', '5'),
	(5, '019', '5'),
	(5, '020', '5'),
	(5, '021', '5'),
	(5, '022', '5'),
	(5, '023', '5'),
	(5, '024', '5'),
	(5, '030', '5'),
	(1, '010', '6'),
	(1, '011', '6'),
	(1, '012', '6'),
	(1, '013', '6'),
	(1, '014', '6'),
	(1, '015', '6'),
	(1, '016', '6'),
	(1, '017', '6'),
	(1, '018', '6'),
	(1, '019', '6'),
	(1, '020', '6'),
	(1, '021', '6'),
	(1, '022', '6'),
	(1, '023', '6'),
	(1, '024', '6'),
	(1, '030', '6'),
	(1, '031', '6'),
	(2, '010', '6'),
	(2, '011', '6'),
	(2, '012', '6'),
	(2, '013', '6'),
	(2, '014', '6'),
	(2, '015', '6'),
	(2, '016', '6'),
	(2, '017', '6'),
	(2, '018', '6'),
	(2, '019', '6'),
	(2, '020', '6'),
	(2, '021', '6'),
	(2, '022', '6'),
	(2, '023', '6'),
	(2, '024', '6'),
	(2, '030', '6'),
	(2, '031', '6'),
	(5, '010', '6'),
	(5, '011', '6'),
	(5, '012', '6'),
	(5, '013', '6'),
	(5, '014', '6'),
	(5, '015', '6'),
	(5, '016', '6'),
	(5, '017', '6'),
	(5, '018', '6'),
	(5, '019', '6'),
	(5, '020', '6'),
	(5, '021', '6'),
	(5, '022', '6'),
	(5, '023', '6'),
	(5, '024', '6'),
	(5, '030', '6'),

INSERT INTO `balancegeneralbase` (`id_balance_base`, `id_empresa`, `nomenclatura`, `nombre_cuenta`, `identificador`) VALUES
	(39, 1, 'A', 'ACTIVO', '1000'),
	(40, 1, 'AA', 'ACTIVO CORRIENTE', '1100'),
	(41, 1, 'AAA', 'Efectivo y Equivalentes de Efectivo', '1101'),
	(42, 1, 'AAB', 'Deudores comerciales y Otras Cuentas por Cobrar (Netos)', '1102'),
	(43, 1, 'AAC', 'Cuentas por cobrar Empresas Relacionadas', '1103'),
	(44, 1, 'AAD', 'Inversiones', '1104'),
	(45, 1, 'AAE', 'Inventario (Materiales, Suministros, etc.)', '1105'),
	(46, 1, 'AAF', 'Pagos por Anticipado', '1106'),
	(47, 1, 'AAG', 'Impuestos Corrientes', '1107'),
	(48, 1, 'AAH', 'Otros Activos financieros', '1108'),
	(49, 1, 'AB', 'ACTIVO NO CORRIENTE', '1200'),
	(50, 1, 'ABA', 'Propiedades, Planta y Equipo (Neto)', '1201'),
	(51, 1, 'ABB', 'Activos por derechos de Uso(neto)', '1202'),
	(52, 1, 'ABC', 'Cuentas por cobrar a LP', '1203'),
	(53, 1, 'ABD', 'Inversiones', '1204'),
	(54, 1, 'ABE', 'Activos intangibles', '1205'),
	(55, 1, 'ABF', 'Impuestos Diferidos', '1206'),
	(56, 1, 'B', 'PASIVO', '2000'),
	(57, 1, 'BA', 'PASIVO CORRIENTE', '2100'),
	(58, 1, 'BAA', 'Acreedores comerciales y Otras Cuentas por Pagar', '2101'),
	(59, 1, 'BAB', 'PorciÃ©n de los PrÃ©stamos a Largo Plazo con vencimiento a corto plazo', '2102'),
	(60, 1, 'BAC', 'Obligaciones EmisiÃ©n de Titulosvalores', '2103'),
	(61, 1, 'BAD', 'Cuentas por Pagar Empresas Relacionadas', '2104'),
	(62, 1, 'BAF', 'Impuestos Corrientes', '2105'),
	(63, 1, 'BAG', 'Provisiones', '2106'),
	(64, 1, 'BAH', 'Pasivos por arrendamientos', '2107'),
	(65, 1, 'BAI', 'Otros Pasivos Financieros*', '2108'),
	(66, 1, 'BBA', 'PASIVO NO CORRIENTE', '2200'),
	(67, 1, 'BBB', 'Prestamos y Otras Obligaciones Financieras', '2201'),
	(68, 1, 'BBC', 'Obligaciones Emision de Titulosvalores', '2202'),
	(69, 1, 'BBD', 'Depositos de Consumidores', '2203'),
	(70, 1, 'BBE', 'Impuestos Diferidos', '2204'),
	(71, 1, 'BBF', 'Pasivos por arrendamientos', '2205'),
	(72, 1, 'BBG', 'Otros Pasivos Financieros', '2206'),
	(73, 1, 'BBH', 'Provisiones', '2207'),
	(74, 1, 'C', 'PATRIMONIO', '3000'),
	(75, 1, 'CCA', 'Capital Social', '3001'),
	(76, 1, 'CCB', 'Reserva Legal', '3002'),
	(77, 1, 'CCC', 'Superavit por Revaluacion de Activos', '3003'),
	(78, 1, 'CCD', 'Ganancias (Perdidas) actuariales', '3004'),
	(79, 1, 'CCE', 'Superavit Realizado', '3005'),
	(80, 1, 'CCF', 'Resultado del Periodo', '3006'),
	(201, 5, 'A', 'Activo', '1000'),
	(202, 5, 'AG', 'Activos del giro', '1100'),
	(203, 5, 'AG1', 'Caja y bancos', '1101'),
	(204, 5, 'AG2', 'Efectos de cobro inmediato', '1102'),
	(205, 5, 'AG3', 'Inversiones financieras, neto', '1103'),
	(206, 5, 'AG4', 'Cartera de prÃ©stamos, neto', '1104'),
	(207, 5, 'AG5', 'Primas por cobrar, neto', '1105'),
	(208, 5, 'AG6', 'Deudores por seguros y fianzas', '1106'),
	(209, 5, 'OA', 'Otros Activos', '1200'),
	(210, 5, 'OA1', 'Bienes recibidos en pago, neto', '1201'),
	(211, 5, 'OA2', 'Diversos, neto', '1202'),
	(212, 5, 'AF', 'Activo fijo', '1300'),
	(213, 5, 'AF1', 'Bienes muebles y otros, neto de depreciaciÃ³n acumulada', '1301'),
	(214, 5, 'P', 'Pasivo', '2000'),
	(215, 5, 'PG', 'Pasivos del giro', '2100'),
	(216, 5, 'PG1', 'Obligaciones con asegurados', '2101'),
	(217, 5, 'PG2', 'Obligaciones con entidades financieras', '2102'),
	(218, 5, 'PG3', 'Sociedades acreedoras de seguros y fianzas', '2103'),
	(219, 5, 'PG4', 'Obligaciones con intermediarios y agentes', '2104'),
	(220, 5, 'OP', 'Otros pasivos', '2200'),
	(221, 5, 'OP1', 'Cuentas por pagar', '2201'),
	(222, 5, 'OP2', 'Provisiones', '2202'),
	(223, 5, 'OP3', 'Diversos', '2203'),
	(224, 5, 'R', 'Reservas tecnicas', '2300'),
	(225, 5, 'R1', 'Reservas matema¡ticas', '2301'),
	(226, 5, 'R2', 'Reservas de riesgos en curso', '2302'),
	(227, 5, 'R2', 'Reservas por siniestros', '2303'),
	(228, 5, 'P', 'Patrimonio', '3000'),
	(229, 5, 'P1', 'Capital social pagado', '3001'),
	(230, 5, 'P2', 'Reservas de capital, patrimonio restringido y resultados acumulados', '3002'),
	(231, 6, 'A', 'Activos', '1000'),
	(232, 6, 'A1', 'Caja y bancos', '1001'),
	(233, 6, 'A2', 'Reportos y otras operaciones búrsatiles', '1002'),
	(234, 6, 'A3', 'Inversiones financieras netas', '1003'),
	(235, 6, 'A4', 'Cartera de préstamos neta', '1004'),
	(236, 6, 'A5', 'Bienes recibidos en pago netos', '1005'),
	(237, 6, 'A6', 'Inversiones accionarias', '1006'),
	(238, 6, 'A7', 'Diversos', '1007'),
	(239, 6, 'A8', 'Activo fijo neto', '1008'),
	(240, 6, 'B', 'Pasivos', '2000'),
	(241, 6, 'B1', 'Depósitos de clientes', '2001'),
	(242, 6, 'B2', 'Préstamo del Banco de Desarrollo de El Salvador', '2002'),
	(243, 6, 'B3', 'Préstamos de otros bancos', '2003'),
	(244, 6, 'B4', 'Reportos y otras op. búrsatiles', '2004'),
	(245, 6, 'B5', 'Titulo de emisión propia', '2005'),
	(246, 6, 'B6', 'Diversos', '2006'),
	(247, 6, 'B7', 'Otros pasivos', '2007'),
	(248, 6, 'C', 'PATRIMONIO', '3000'),
	(249, 6, 'C1', 'Capital social pagado', '3001'),
	(250, 6, 'C2', 'Patrimonio restringido', '3002'),
	(251, 6, 'C3', 'Utilidades y reservas acumuladas', '3003'),
	(252, 6, 'C4', 'Utilidad del presente ejercicio', '3004');

INSERT INTO `balancegeneral` (`id_balance`, `id_balance_base`, `anio`, `valor`) VALUES
	(183, 39, 2019, 207778000),
	(184, 40, 2019, 64196800),
	(185, 41, 2019, 6000260),
	(186, 42, 2019, 43920400),
	(187, 43, 2019, 419146),
	(188, 44, 2019, 1930170),
	(189, 45, 2019, 3761050),
	(190, 46, 2019, 1201490),
	(191, 47, 2019, 5812360),
	(192, 48, 2019, 1151960),
	(193, 49, 2019, 143581000),
	(194, 50, 2019, 122336000),
	(195, 51, 2019, 9431200),
	(196, 52, 2019, 1082990),
	(197, 53, 2019, 883449),
	(198, 54, 2019, 6953140),
	(199, 55, 2019, 2894280),
	(200, 56, 2019, 147887000),
	(201, 57, 2019, 57135000),
	(202, 58, 2019, 38196500),
	(203, 59, 2019, 5000000),
	(204, 60, 2019, 0),
	(205, 61, 2019, 307267),
	(206, 62, 2019, 6531540),
	(207, 63, 2019, 5192180),
	(208, 64, 2019, 708026),
	(209, 65, 2019, 1199430),
	(210, 66, 2019, 90752200),
	(211, 67, 2019, 23375000),
	(212, 68, 2019, 21000000),
	(213, 69, 2019, 4110380),
	(214, 70, 2019, 23631500),
	(215, 71, 2019, 8926920),
	(216, 72, 2019, 3439390),
	(217, 73, 2019, 6269050),
	(218, 74, 2019, 59890600),
	(219, 75, 2019, 12282300),
	(220, 76, 2019, 7018450),
	(221, 77, 2019, 18733600),
	(222, 78, 2019, -942255),
	(223, 79, 2019, 13427200),
	(224, 80, 2019, 9371210),
	(267, 39, 2018, 185519000),
	(268, 40, 2018, 64970800),
	(269, 41, 2018, 3798420),
	(270, 42, 2018, 50183100),
	(271, 43, 2018, 461993),
	(272, 44, 2018, 980484),
	(273, 45, 2018, 4516790),
	(274, 46, 2018, 1160640),
	(275, 47, 2018, 3478250),
	(276, 48, 2018, 391147),
	(277, 49, 2018, 120548000),
	(278, 50, 2018, 109517000),
	(279, 51, 2018, 0),
	(280, 52, 2018, 1389710),
	(281, 53, 2018, 909944),
	(282, 54, 2018, 5973150),
	(283, 55, 2018, 2758180),
	(284, 56, 2018, 135160000),
	(285, 57, 2018, 54768900),
	(286, 58, 2018, 38798400),
	(287, 59, 2018, 7500000),
	(288, 60, 2018, 1265000),
	(289, 61, 2018, 305489),
	(290, 62, 2018, 597443),
	(291, 63, 2018, 5418620),
	(292, 64, 2018, 0),
	(293, 65, 2018, 884001),
	(294, 66, 2018, 80391200),
	(295, 67, 2018, 27319800),
	(296, 68, 2018, 20985800),
	(297, 69, 2018, 3754460),
	(298, 70, 2018, 18865600),
	(299, 71, 2018, 0),
	(300, 72, 2018, 3534850),
	(301, 73, 2018, 5930720),
	(302, 74, 2018, 50358900),
	(303, 75, 2018, 12282300),
	(304, 76, 2018, 7018450),
	(305, 77, 2018, 8644080),
	(306, 78, 2018, -317639),
	(307, 79, 2018, 11518300),
	(308, 80, 2018, 11213400),
	(339, 201, 2012, 90567.7),
	(340, 202, 2012, 82987.2),
	(341, 203, 2012, 5799),
	(342, 204, 2012, 33),
	(343, 205, 2012, 53143.8),
	(344, 206, 2012, 4173.1),
	(345, 207, 2012, 18624.2),
	(346, 208, 2012, 1214.1),
	(347, 209, 2012, 6847.8),
	(348, 210, 2012, 800),
	(349, 211, 2012, 6047.8),
	(350, 212, 2012, 732.7),
	(351, 213, 2012, 732.7),
	(352, 214, 2012, 49704.6),
	(353, 215, 2012, 8000.2),
	(354, 216, 2012, 500.9),
	(355, 217, 2012, 3.7),
	(356, 218, 2012, 4388.3),
	(357, 219, 2012, 3107.3),
	(358, 220, 2012, 5321),
	(359, 221, 2012, 3360.3),
	(360, 222, 2012, 27.8),
	(361, 223, 2012, 1932.9),
	(362, 224, 2012, 36383.4),
	(363, 225, 2012, 3140.4),
	(364, 226, 2012, 18205.9),
	(365, 227, 2012, 15037.1),
	(366, 228, 2012, 40863.1),
	(367, 229, 2012, 8400),
	(368, 230, 2012, 32463.1),
	(369, 201, 2013, 96968.9),
	(370, 202, 2013, 81655.8),
	(371, 203, 2013, 5008.9),
	(372, 204, 2013, 111.1),
	(373, 205, 2013, 53364.2),
	(374, 206, 2013, 3581.2),
	(375, 207, 2013, 18699.1),
	(376, 208, 2013, 891.3),
	(377, 209, 2013, 14307.9),
	(378, 210, 2013, 385.9),
	(379, 211, 2013, 13922),
	(380, 212, 2013, 1005.2),
	(381, 213, 2013, 1005.2),
	(382, 214, 2013, 66676.6),
	(383, 215, 2013, 14220.2),
	(384, 216, 2013, 485.1),
	(385, 217, 2013, 6226),
	(386, 218, 2013, 4377.3),
	(387, 219, 2013, 3131.8),
	(388, 220, 2013, 6526.8),
	(389, 221, 2013, 4618.5),
	(390, 222, 2013, 35.7),
	(391, 223, 2013, 1872.6),
	(392, 224, 2013, 45929.6),
	(393, 225, 2013, 7285.5),
	(394, 226, 2013, 19520.5),
	(395, 227, 2013, 19123.6),
	(396, 228, 2013, 30292.3),
	(397, 229, 2013, 8400),
	(398, 230, 2013, 21892.3),
	(399, 231, 2019, 1697660),
	(400, 232, 2019, 463010),
	(401, 233, 2019, 1000.4),
	(402, 234, 2019, 81569.5),
	(403, 235, 2019, 1040210),
	(404, 236, 2019, 249),
	(405, 237, 2019, 12539.6),
	(406, 238, 2019, 36391.7),
	(407, 239, 2019, 62690.4),
	(408, 240, 2019, 1450270),
	(409, 241, 2019, 1165820),
	(410, 242, 2019, 150.7),
	(411, 243, 2019, 169014),
	(412, 244, 2019, 0),
	(413, 245, 2019, 60105.1),
	(414, 246, 2019, 13605),
	(415, 247, 2019, 41572.2),
	(416, 248, 2019, 247388),
	(417, 249, 2019, 155771),
	(418, 250, 2019, 0),
	(419, 251, 2019, 82165.5),
	(420, 252, 2019, 9451.8),
	(421, 231, 2020, 1780180),
	(422, 232, 2020, 346875),
	(423, 233, 2020, 10004),
	(424, 234, 2020, 203230),
	(425, 235, 2020, 1099710),
	(426, 236, 2020, 96.8),
	(427, 237, 2020, 12608.1),
	(428, 238, 2020, 38528.1),
	(429, 239, 2020, 69135.5),
	(430, 240, 2020, 1573140),
	(431, 241, 2020, 1295850),
	(432, 242, 2020, 86.3),
	(433, 243, 2020, 127285),
	(434, 244, 2020, 0),
	(435, 245, 2020, 61657.6),
	(436, 246, 2020, 14004.2),
	(437, 247, 2020, 74257.2),
	(438, 248, 2020, 207039),
	(439, 249, 2020, 103571),
	(440, 250, 2020, 0),
	(441, 251, 2020, 92308.5),
	(442, 252, 2020, 11160.1);

INSERT INTO `estadoresultadobase` (`id_estado_base`, `id_empresa`, `nomenclatura`, `nombre_cuenta`, `identificador`, `calculado`, `decremento`, `calculado_configurado`) VALUES
	(2, 1, 'E1', 'INGRESOS', '000', 1, 0, '["001","002"]'),
	(3, 1, 'E2', 'Ingresos Ordinarios', '001', 0, 0, '[]'),
	(4, 1, 'E3', 'Otros Ingresos', '002', 0, 0, '[]'),
	(5, 1, 'E4', 'COSTO DE VENTAS', '003', 0, 1, '[]'),
	(6, 1, 'E5', 'RESULTADO BRUTO', '004', 1, 0, '["000","003"]'),
	(7, 1, 'E6', 'Gastos de Operacion', '005', 1, 1, '["006","007","008","009"]'),
	(8, 1, 'E7', 'Gastos de Distribucion', '006', 0, 0, '[]'),
	(9, 1, 'E8', 'Gastos de Administracion', '007', 0, 0, '[]'),
	(10, 1, 'E9', 'Gastos de Personal', '008', 0, 0, '[]'),
	(11, 1, 'E10', 'Gastos de Depreciacion y Amortizacion', '009', 0, 0, '[]'),
	(12, 1, 'E11', 'RESULTADO DE OPERACION', '00a', 1, 0, '["004","005"]'),
	(13, 1, 'E12', 'Ingresos Financieros', '00b', 0, 0, '[]'),
	(14, 1, 'E13', 'Gastos Financieros', '00c', 0, 1, '[]'),
	(15, 1, 'E14', 'RESULTADO ANTES DE RESERVA E IMPUESTOS', '00d', 1, 0, '["00a","00b","00c"]'),
	(16, 1, 'E15', 'Impuestos', '00e', 0, 1, '[]'),
	(17, 1, 'E16', 'RESULTADO DEL PERIODO', '00f', 1, 0, '["00d","00e"]'),
	(39, 5, 'I', 'Ingresos de operacion', '000', 1, 0, '["001","002","003","004","005"]'),
	(40, 5, 'I1', 'Primas netas de devoluciones y cancelaciones', '001', 0, 0, '[]'),
	(41, 5, 'I2', 'Ingresos por decrementos de reservas tecnicas', '002', 0, 0, '[]'),
	(42, 5, 'I3', 'Siniestros y gastos recuperados por reaseguros y refianzamientos', '003', 0, 0, '[]'),
	(43, 5, 'I4', 'Reembolsos de gastos por cesiones', '004', 0, 0, '[]'),
	(44, 5, 'I5', 'Ingresos financieros de inversiones', '005', 0, 0, '[]'),
	(45, 5, 'C', 'Costos de operacion', '006', 1, 1, '["007","008","009","00a"]'),
	(46, 5, 'C1', 'Siniestros', '007', 0, 0, '[]'),
	(47, 5, 'C2', 'Primas cedidas por reaseguros y reafinanzamientos', '008', 0, 0, '[]'),
	(48, 5, 'C3', 'Gastos por incrementos de reservas tecnicas', '009', 0, 0, '[]'),
	(49, 5, 'C4', 'Gastos de adquisicion y conservacion', '00a', 0, 0, '[]'),
	(50, 5, 'C5', 'Reservas de saneamiento', '00b', 0, 1, '[]'),
	(51, 5, 'UAG', 'Utilidad antes de gastos', '00c', 1, 0, '["000","006","00b"]'),
	(52, 5, 'GO', 'Gastos de operacion', '00d', 1, 1, '["00e","00f"]'),
	(53, 5, 'GO1', 'Gastos financieros y de inversion', '00e', 0, 0, '[]'),
	(54, 5, 'GO2', 'Gastos de administracion', '00f', 0, 0, '[]'),
	(55, 5, 'UO', 'Utilidad de operacion', '010', 1, 0, '["00c","00d"]'),
	(56, 5, 'OI', 'Otros ingresos y gastos, neto', '011', 0, 0, '[]'),
	(57, 5, 'UAI', 'Utilidad antes de impuesto', '012', 1, 0, '["010","011"]'),
	(58, 5, 'ISR', 'Impuesto sobre la renta', '013', 0, 1, '[]'),
	(59, 5, 'UP', 'Utilidad del periodo', '014', 1, 0, '["012","013"]'),
	(60, 6, 'F1', 'Intereses por préstamos', '000', 0, 0, '[]'),
	(61, 6, 'F2', 'Comisiones y otros ingresos por préstamos', '001', 0, 0, '[]'),
	(62, 6, 'F3', 'Ingresos por inversiones, reportos y otros', '002', 0, 0, '[]'),
	(63, 6, 'F4', 'Intereses sobre depósitos', '003', 0, 0, '[]'),
	(64, 6, 'F5', 'Operaciones en monedas extranjera', '004', 0, 0, '[]'),
	(65, 6, 'F6', 'Otros servicios y contingencias', '005', 0, 0, '[]'),
	(66, 6, 'F7', 'Costos de operación', '006', 0, 1, '[]'),
	(67, 6, 'F8', 'Reserva de saneamiento', '007', 0, 1, '[]'),
	(68, 6, 'F9', 'Utilidad Bruta', '008', 1, 0, '[]'),
	(69, 6, 'F10', 'Gastos de funcionarios y empleados', '009', 0, 1, '[]'),
	(70, 6, 'F11', 'Gastos generales', '00a', 0, 1, '[]'),
	(71, 6, 'F12', 'Depreciaciones y amortizaciones', '00b', 0, 1, '[]'),
	(72, 6, 'F13', 'Utilidad de Operación', '00c', 1, 0, '["008","009","00a","00b"]'),
	(73, 6, 'F14', 'Otros ingresos', '00d', 0, 0, '[]'),
	(74, 6, 'F15', 'Otros egresos', '00e', 0, 1, '[]'),
	(75, 6, 'F16', 'Interés minoritario', '00f', 0, 0, '[]'),
	(76, 6, 'F17', 'Utilidad antes de Impuesto', '010', 1, 0, '["00c","00d","00e","00f"]'),
	(77, 6, 'F18', 'Reserva legal', '011', 0, 0, '[]'),
	(78, 6, 'F19', 'Impuesto sobre la renta', '012', 0, 1, '[]'),
	(79, 6, 'F20', 'Utilidad Neta', '013', 1, 0, '["010","011","012"]');

INSERT INTO `estadoresultado` (`id_estado`, `id_estado_base`, `anio`, `valor`) VALUES
	(1, 2, 2019, 242927000),
	(2, 3, 2019, 242163000),
	(3, 4, 2019, 764393),
	(4, 5, 2019, 187972000),
	(5, 6, 2019, 54954800),
	(6, 7, 2019, 37973600),
	(7, 8, 2019, 11389400),
	(8, 9, 2019, 8947670),
	(9, 10, 2019, 9968560),
	(10, 11, 2019, 7667960),
	(11, 12, 2019, 16981200),
	(12, 13, 2019, 1176540),
	(13, 14, 2019, 2858680),
	(14, 15, 2019, 15299100),
	(15, 16, 2019, 5927900),
	(16, 17, 2019, 9371200),
	(17, 2, 2018, 221501000),
	(18, 3, 2018, 220896000),
	(19, 4, 2018, 604418),
	(20, 5, 2018, 167159000),
	(21, 6, 2018, 54341100),
	(22, 7, 2018, 36137700),
	(23, 8, 2018, 12109300),
	(24, 9, 2018, 9135000),
	(25, 10, 2018, 9689140),
	(26, 11, 2018, 5204300),
	(27, 12, 2018, 18203400),
	(28, 13, 2018, 922525),
	(29, 14, 2018, 2327410),
	(30, 15, 2018, 16798500),
	(31, 16, 2018, 5585120),
	(32, 17, 2018, 11213400),
	(33, 39, 2013, 79033.6),
	(34, 40, 2013, 50060.9),
	(35, 41, 2013, 18758.5),
	(36, 42, 2013, 9061.2),
	(37, 43, 2013, 19),
	(38, 44, 2013, 1134),
	(39, 45, 2013, 72973.1),
	(40, 46, 2013, 21955.8),
	(41, 47, 2013, 16567.8),
	(42, 48, 2013, 22651.9),
	(43, 49, 2013, 11797.6),
	(44, 50, 2013, 242),
	(45, 51, 2013, 5818.5),
	(46, 52, 2013, 2638),
	(47, 53, 2013, 214.3),
	(48, 54, 2013, 2423.7),
	(49, 55, 2013, 3180.5),
	(50, 56, 2013, 168.9),
	(51, 57, 2013, 3349.4),
	(52, 58, 2013, 1082.2),
	(53, 59, 2013, 2267.2),
	(54, 39, 2012, 58932.6),
	(55, 40, 2012, 44558.7),
	(56, 41, 2012, 4451.8),
	(57, 42, 2012, 9008.6),
	(58, 43, 2012, 10.5),
	(59, 44, 2012, 903),
	(60, 45, 2012, 52303.9),
	(61, 46, 2012, 20702.1),
	(62, 47, 2012, 16131),
	(63, 48, 2012, 4608.9),
	(64, 49, 2012, 10577.9),
	(65, 50, 2012, 284),
	(66, 51, 2012, 6628.7),
	(67, 52, 2012, 2253.8),
	(68, 53, 2012, 91.8),
	(69, 54, 2012, 2162),
	(70, 55, 2012, 4374.9),
	(71, 56, 2012, 743.2),
	(72, 57, 2012, 5118.1),
	(73, 58, 2012, 1547.7),
	(74, 59, 2012, 3570.4),
	(75, 60, 2020, 100226),
	(76, 61, 2020, 3066.4),
	(77, 62, 2020, 8865.2),
	(78, 63, 2020, 2476),
	(79, 64, 2020, 583.5),
	(80, 65, 2020, 5352.7),
	(81, 66, 2020, 30254.8),
	(82, 67, 2020, 29038.1),
	(83, 68, 2020, 61276.6),
	(84, 69, 2020, 28130.8),
	(85, 70, 2020, 18193.5),
	(86, 71, 2020, 6835.3),
	(87, 72, 2020, 8117),
	(88, 73, 2020, 8553.3),
	(89, 74, 2020, 253.3),
	(90, 75, 2020, 0),
	(91, 76, 2020, 16417),
	(92, 77, 2020, 0),
	(93, 78, 2020, 5256.9),
	(94, 79, 2020, 11160.1),
	(95, 60, 2019, 99143.4),
	(96, 61, 2019, 5196.1),
	(97, 62, 2019, 4617.5),
	(98, 63, 2019, 5885.5),
	(99, 64, 2019, 730),
	(100, 65, 2019, 6532.5),
	(101, 66, 2019, 29480.6),
	(102, 67, 2019, 38427.3),
	(103, 68, 2019, 54197.1),
	(104, 69, 2019, 27688.7),
	(105, 70, 2019, 18428),
	(106, 71, 2019, 4999.3),
	(107, 72, 2019, 3081.1),
	(108, 73, 2019, 12399.1),
	(109, 74, 2019, 540.3),
	(110, 75, 2019, 0),
	(111, 76, 2019, 14939.9),
	(112, 77, 2019, 0),
	(113, 78, 2019, 5488.1),
	(114, 79, 2019, 9451.8);

INSERT INTO `ratio` (`id_ratio_base`, `id_ratio_grupo`, `nombre`, `posicion`, `operacion`) VALUES
	(1, 1, 'Razon circulante ', '[0,1]', 1),
	(2, 1, 'Prueba acida ', '[0,2,1]', 3),
	(3, 1, 'Capital de trabajo', '[0,1]', 5),
	(4, 1, 'Razon de capital de trabajo', '[0,1,3]', 3),
	(5, 1, 'Razon de efectivo', '[4,5,1]', 4),
	(6, 2, 'Razon de rotacion de inventario', '[0,1]', 6),
	(7, 2, 'Razon de dias de inventario', '[1,0]', 7),
	(8, 2, 'Razon de Rotacion de cuentas por cobrar', '[2,3]', 6),
	(9, 2, 'Razon de periodo medio de cobranza', '[3,2]', 7),
	(10, 2, 'Razon de Rotacion de cuentas por pagar', '[0,4]', 6),
	(11, 2, 'Periodo Medio de Pago', '[4,0]', 7),
	(12, 2, 'Indice de RotaciOn de Activos totales', '[2,5]', 6),
	(13, 2, 'indice de RotaciOn de Activos Fijos', '[2,6]', 6),
	(14, 2, 'indice de Margen Bruto', '[7,2]', 1),
	(15, 2, 'Indice de Margen Operativo', '[8,2]', 1),
	(16, 3, 'Grado de Endeudamiento', '[0,1]', 1),
	(17, 3, 'Grado de Propiedad', '[2,1]', 1),
	(18, 3, 'Razon de Endeudamiento Patrimonial', '[0,2]', 1),
	(19, 3, 'Razon de Cobertura de Gastos Financieros', '[3,4]', 1),
	(20, 4, 'Rentabilidad Neta del Patrimonio ROE', '[0,1]', 6),
	(21, 4, 'Rentabilidad por Accion', '[0,2]', 1),
	(22, 4, 'Rentabilidad del Activo ROA', '[0,3]', 6),
	(23, 4, 'Rentabilidad sobre ventas', '[0,4]', 1),
	(24, 4, 'Rentabilidad sobre inversion ROI', '[5,6,6]', 3);

INSERT INTO `ratiocomparativo` (`id_comparativo`, `id_sector`, `id_ratio_base`, `valor`, `anio`, `descripcion`) VALUES
	(1, 2, 1, 0.5, 2012, 'Colombia'),
	(2, 2, 2, 0.11, 2012, 'Colombia'),
	(3, 2, 3, 69, 2012, 'Colombia'),
	(4, 2, 4, 46, 2012, 'Colombia'),
	(5, 2, 5, 66, 2012, 'Colombia'),
	(6, 2, 6, 42, 2012, 'Colombia'),
	(7, 2, 7, 69, 2012, 'Colombia'),
	(8, 2, 8, 63, 2012, 'Colombia'),
	(9, 2, 9, 41, 2012, 'Colombia'),
	(10, 2, 10, 67, 2012, 'Colombia'),
	(11, 2, 11, 13, 2012, 'Colombia'),
	(12, 2, 12, 24, 2012, 'Colombia'),
	(13, 2, 13, 11, 2012, 'Colombia'),
	(14, 2, 14, 11, 2012, 'Colombia'),
	(15, 2, 15, 69, 2012, 'Colombia'),
	(16, 2, 16, 50, 2012, 'Colombia'),
	(17, 2, 17, 7, 2012, 'Colombia'),
	(18, 2, 18, 35, 2012, 'Colombia'),
	(19, 2, 19, 5, 2012, 'Colombia'),
	(20, 2, 20, 32, 2012, 'Colombia'),
	(21, 2, 21, 27, 2012, 'Colombia'),
	(22, 2, 22, 39, 2012, 'Colombia'),
	(23, 2, 23, 25, 2012, 'Colombia'),
	(24, 2, 24, 51, 2012, 'Colombia'),
	(25, 1, 1, 0.5, 2020, 'ES'),
	(26, 1, 2, 0.69, 2020, 'ES'),
	(27, 1, 3, 0.69, 2020, 'ES'),
	(28, 1, 4, 0.46, 2020, 'ES'),
	(29, 1, 5, 0.66, 2020, 'ES'),
	(30, 1, 6, 0.42, 2020, 'ES'),
	(31, 1, 7, 6.9, 2020, 'ES'),
	(32, 1, 8, 6.3, 2020, 'ES'),
	(33, 1, 9, 41, 2020, 'ES'),
	(34, 1, 10, 67, 2020, 'ES'),
	(35, 1, 11, 1.3, 2020, 'ES'),
	(36, 1, 12, 0.24, 2020, 'ES'),
	(37, 1, 13, 11, 2020, 'ES'),
	(38, 1, 14, 1.1, 2020, 'ES'),
	(39, 1, 15, 69, 2020, 'ES'),
	(40, 1, 16, 50, 2020, 'ES'),
	(41, 1, 17, 70, 2020, 'ES'),
	(42, 1, 18, 3.5, 2020, 'ES'),
	(43, 1, 19, 5, 2020, 'ES'),
	(44, 1, 20, 3.2, 2020, 'ES'),
	(45, 1, 21, 27, 2020, 'ES'),
	(46, 1, 22, 3.9, 2020, 'ES'),
	(47, 1, 23, 25, 2020, 'ES'),
	(48, 1, 24, 5.1, 2020, 'ES'),
	(49, 1, 1, 5.3, 2019, 'ES'),
	(50, 1, 2, 6.9, 2019, 'ES'),
	(51, 1, 3, 96, 2019, 'ES'),
	(52, 1, 4, 6.3, 2019, 'ES'),
	(53, 1, 5, 6.6, 2019, 'ES'),
	(54, 1, 6, 52, 2019, 'ES'),
	(55, 1, 7, 79, 2019, 'ES'),
	(56, 1, 8, 6.73, 2019, 'ES'),
	(57, 1, 9, 12.1, 2019, 'ES'),
	(58, 1, 10, 16.7, 2019, 'ES'),
	(59, 1, 11, 18.3, 2019, 'ES'),
	(60, 1, 12, 10.24, 2019, 'ES'),
	(61, 1, 13, 41.1, 2019, 'ES'),
	(62, 1, 14, 19.1, 2019, 'ES'),
	(63, 1, 15, 6.9, 2019, 'ES'),
	(64, 1, 16, 5, 2019, 'ES'),
	(65, 1, 17, 7, 2019, 'ES'),
	(66, 1, 18, 35.5, 2019, 'ES'),
	(67, 1, 19, 55, 2019, 'ES'),
	(68, 1, 20, 53.2, 2019, 'ES'),
	(69, 1, 21, 27, 2019, 'ES'),
	(70, 1, 22, 3.9, 2019, 'ES'),
	(71, 1, 23, 25, 2019, 'ES'),
	(72, 1, 24, 5.1, 2019, 'ES');

INSERT INTO `ratiodetalle` (`id_ratio_detalle`, `id_ratio_base`, `id_empresa`, `campo1`, `campo2`, `campo3`) VALUES
	(202, 1, 1, '1100', '2100', '0'),
	(203, 2, 1, '1100', '1105', '2100'),
	(204, 3, 1, '1100', '2100', '0'),
	(205, 4, 1, '1100', '2100', '1000'),
	(206, 5, 1, '1101', '2102', '2100'),
	(207, 6, 1, '003', '1105', '0'),
	(208, 7, 1, '1105', '003', '0'),
	(209, 8, 1, '000', '1102', '0'),
	(210, 9, 1, '1102', '000', '0'),
	(211, 10, 1, '003', '2104', '0'),
	(212, 11, 1, '2104', '003', '0'),
	(213, 12, 1, '000', '1000', '0'),
	(214, 13, 1, '000', '1100', '0'),
	(215, 14, 1, '004', '000', '0'),
	(216, 15, 1, '00a', '000', '0'),
	(217, 16, 1, '2000', '1000', '0'),
	(218, 17, 1, '3000', '1000', '0'),
	(219, 18, 1, '2000', '3000', '0'),
	(220, 19, 1, '00d', '005', '0'),
	(221, 20, 1, '00f', '3000', '0'),
	(222, 21, 1, '00f', '2101', '0'),
	(223, 22, 1, '00f', '1000', '0'),
	(224, 23, 1, '00f', '003', '0'),
	(225, 24, 1, '000', '1104', '1104'),
	(226, 1, 5, '1100', '2100', '0'),
	(227, 2, 5, '1100', '1201', '2100'),
	(228, 3, 5, '1100', '2100', '0'),
	(229, 4, 5, '1100', '2100', '1000'),
	(230, 5, 5, '1101', '2200', '2100'),
	(231, 6, 5, '006', '1301', '0'),
	(232, 7, 5, '1301', '006', '0'),
	(233, 8, 5, '005', '1105', '0'),
	(234, 9, 5, '1105', '005', '0'),
	(235, 10, 5, '006', '2201', '0'),
	(236, 11, 5, '2201', '006', '0'),
	(237, 12, 5, '005', '1000', '0'),
	(238, 13, 5, '005', '1300', '0'),
	(239, 14, 5, '000', '005', '0'),
	(240, 15, 5, '010', '005', '0'),
	(241, 16, 5, '2000', '1000', '0'),
	(242, 17, 5, '3000', '1000', '0'),
	(243, 18, 5, '2000', '3000', '0'),
	(244, 19, 5, '012', '00e', '0'),
	(245, 20, 5, '014', '3000', '0'),
	(246, 21, 5, '014', '3002', '0'),
	(247, 22, 5, '014', '1000', '0'),
	(248, 23, 5, '014', '005', '0'),
	(249, 24, 5, '011', '00e', '00e');


INSERT INTO `ratiomensaje` (`id_mensaje`, `id_ratio_base`, `mayor`, `menor`, `igual`) VALUES
	(1, 1, 'La empresa puede liquidar los activos corrientes sin generar efectivo adicional', 'Presenta mayores dificultades al liquidar los activos corrientes', 'Mide la cantidad de efectivo y equivalentes de efectivo que hay en el activo corriente para cubrir los pasivos corrientes.'),
	(2, 2, 'Indica que la empresa tiene suficientes activos corrientes para cubrir sus pasivos corrientes más de una vez sin vender inventario.', 'Indica que la empresa tiene insuficientes activos corrientes para cubrir sus pasivos corrientes y que puede ser necesario vender inventario.', 'Muestra si una empresa tiene suficientes activos a corto plazo para cubrir sus pasivos inmediatos sin vender inventario. Cuanto mayor sea la proporción de prueba ácida, más segura será la posición en la que se encuentra la empresa.'),
	(3, 3, 'La empresa tiene un mayor liquidez operativa al comparar los activos corrientes con los pasivos corrientes.', 'La empresa tiene menor liquidez operativa al comparar los activos corriente con los pasivos corrientes.', 'El capital de trabajo operativo neto mide la liquidez y el potencial de crecimiento de la empresa.'),
	(4, 4, 'La empresa tiene un mayor liquidez operativa al comparar los activos corrientes con los pasivos corrientes  entre activos total.', 'La empresa tiene menor liquidez operativa al comparar los activos corriente con los pasivos corrientes entre activos total.', 'El capital de trabajo operativo neto mide la liquidez y el potencial de crecimiento de la empresa.'),
	(5, 5, 'Si el ratio es mayor a 1, la firma cuenta con el efectivo para cubrir la deuda corriente, quedando incluso un excedente. Esto aparentemente es positivo.', 'Si el ratio es menor a 1, los requerimientos de corto plazo son mayores a los recursos líquidos. ', 'Mide la cantidad de efectivo y equivalentes de efectivo que hay en el activo corriente para cubrir los pasivos corrientes.'),
	(6, 6, 'Valor elevado indica reposiciones de stock significativas como en el caso de los supermercados.', 'La reposición del stock es menor que la del promedio puede indicar un fracaso en ventas o producción mayor a la requerida', 'Con este ratio es posible medir el éxito de los productos ofrecidos y la evolución de los mismos.'),
	(7, 7, 'Indica que el inventario pasa más tiempo que el promedio de las empresa', 'Depende de las politicas de la empresa, pero una rotación menor indica que el inventario es renovado constantemente', 'El índice de días en inventario mide el número promedio de días que la empresa mantiene su inventario antes de venderlo a los clientes.'),
	(8, 8, 'La empresa tiene mayor capacidad que la industria en transformar sus cuentas por cobrar en efectivo', 'La empresa tiene menor capacidad que la industria en transformar sus cuentas por cobrar en efectivo', 'La velocidad con la que la empresa cobra sus cuentas es equivalente a la de la industria'),
	(9, 9, 'El número de días que transcurren desde que la empresa vende un producto o servicio y cobra a sus clientes es mayor que el promedio', 'El número de días que transcurren desde que la empresa vende un producto o servicio y cobra a sus clientes es menor que el promedio', 'El número de días que se tardan en pagar los clientes a la empresa es equivalente al promedio de la industria'),
	(10, 10, 'La empresa es más eficiente que el promedio en pagar sus deudas a corto plazo y a sus proveedores', 'La empresa es menos eficiente que el promedio en pagar sus deudas a corto plazo y a sus proveedores', 'La velocidad con la cual la empresa paga a sus proveedores y su liquidez a corto plazo es equivalente al promedio de la industria'),
	(11, 11, 'El número de días que transcurren desde que la empresa adquiere la materia prima y paga a los proveedores es mayor que el promedio', 'El número de días que transcurren desde que la empresa adquiere la materia prima y paga a los proveedores es menor que el promedio', 'El número de días que se tarda la empresa en pagar a los proveedores es equivalente al promedio de la industria'),
	(12, 12, 'Si el ratio es mayor a 1, los activos tienen mayor facilidad para producir ventas y esto da una mayor rentabilidad a la empresa', 'Si el ratio es menor a 1, los activos no están logrando aumentar las ventas y la empresa está usando de manera deficiente sus activos', 'La eficiencia con la que la empresa genera ingresos a partir de sus activos se encuentra en el mismo nivel que el promedio de la industria'),
	(13, 13, 'El número de veces que las ventas cubren el activo fijo es mayor que el promedio de la industria', 'El número de veces que las ventas cubren el activo fijo es menor que el promedio de la industria', 'La eficiencia con la empresa hace uso de sus activos fijos para generar ventas es equivalente a la del promedio de la industria'),
	(14, 14, 'El beneficio que genera la empresa luego de restar el costo de ventas es mayor que el promedio de la industria', 'El beneficio que genera la empresa luego de restar el costo de ventas es menor que el promedio de la industria', 'El beneficio que genera la empresa luego de restar el costo de ventas es equivalente al promedio de la industria'),
	(15, 15, 'La proporción de ingresos que retiene la empresa luego de restar costos y gastos operacionales es mayor que el promedio de la industria', 'La proporción de ingresos que retiene la empresa luego de restar costos y gastos operacionales es menor que el promedio de la industria', 'La proporción de ingresos que retiene la empresa luego de restar costos y gastos operacionales es equivalente al promedio de la industria'),
	(16, 16, 'La empresa esta excesivamente endeundada', 'La empresa cuenta con recursos propios que estan siendo insuficientemente aprovechados', 'La empresa tiene un nivel aceptable de endeudamiento, se recomienda tener precaucion con las futuras operaciones que va realizar'),
	(17, 17, 'Es mayor que el promedio del sector, tiene más propiedad que deudas', 'Es menor que el promedio del sector, tiene mas deudas que propiedad', 'Es igual que el promedio del sector'),
	(18, 18, 'Mayor que el promedio del sector', 'Menor que el promedio del sector', 'Igul que el promedio del sector'),
	(19, 19, 'Tiene un alto grado de cobertura para atender obligaciones financieras al disminuir sus utilidades', 'No puede atender obligaciones financieras al disminuir sus utilidades', 'Tiene un grado de cobertura igual al promedio de la industria, para atender obligaciones financieras al disminuir sus utilidades'),
	(20, 20, 'La empresa ofrece mayor rendimiento a sus socios o accionistas que el promedio de la industria', 'La empresa ofrece menor rendimiento a sus socios o accionistas que el promedio de la industria', 'La empresa ofrece un rendimiento a sus socios o accionistas que es equivalente al promedio de la industria'),
	(21, 21, 'hac habitasse platea dictumst etiam faucibus', 'tempus semper est quam pharetra magna ac consequat metus sapien', 'erat eros viverra eget congue eget semper rutrum'),
	(22, 22, 'La capacidad de los activos de una empresa para generar rentabilidad es mayor que el promedio de la industria', 'La capacidad de los activos de una empresa para generar rentabilidad es menor que el promedio de la industria', 'La capacidad de los activos de una empresa para generar rentabilidad es equivalente al promedio de la industria'),
	(23, 23, 'Las ventas estan dejando un mayor porcentaje de beneficio que el promedio de la industria', 'Las ventas estan dejando un porcentaje menor de beneficio que el promedio de la industria', 'Las ventas estan dejando el mismo porcentaje de beneficio que el promedio de la industria'),
	(24, 24, 'El retorno por cada dólar invertido es mayor que el promedio de la industria', 'El retorno por cada dólar invertido es menor que el promedio de la industria', 'El retorno por cada dólar invertido es equivalente al promedio de la industria');

